ITERATION,RCI_REQUEST,R1,R2,ST_CR,NORM_FVEC,NORM_X,DELTA,X_01,X_02,X_03,X_04,X_05,X_06,X_07,X_08,X_09,X_10,X_11,X_12,X_13,X_14,X_15,X_16,X_17,X_18,X_19,X_20
     0,  1, 0.00000E+00, 0.00000E+00,     0, 0.00000E+00, 6.16441E+00, 0.00000E+00, 3.00000E+00, 4.00000E+00, 3.00000E+00, 2.00000E+00,0.0,0.0,0.0,0.0,0.0,0.0,0.0,0.0,0.0,0.0,0.0,0.0,0.0,0.0,0.0,0.0
     0,  2, 5.53672E-02, 0.00000E+00,     0, 5.53672E-02, 6.16441E+00, 0.00000E+00, 3.00000E+00, 4.00000E+00, 3.00000E+00, 2.00000E+00,0.0,0.0,0.0,0.0,0.0,0.0,0.0,0.0,0.0,0.0,0.0,0.0,0.0,0.0,0.0,0.0
     0,  1, 5.53672E-02, 0.00000E+00,     0, 5.53672E-02, 6.15526E+00, 0.00000E+00, 3.01867E+00, 4.00190E+00, 3.04390E+00, 1.86930E+00,0.0,0.0,0.0,0.0,0.0,0.0,0.0,0.0,0.0,0.0,0.0,0.0,0.0,0.0,0.0,0.0
     1,  0, 5.53672E-02, 0.00000E+00,     0, 4.95199E-02, 6.15526E+00, 0.00000E+00, 3.01867E+00, 4.00190E+00, 3.04390E+00, 1.86930E+00,0.0,0.0,0.0,0.0,0.0,0.0,0.0,0.0,0.0,0.0,0.0,0.0,0.0,0.0,0.0,0.0
     1,  2, 5.53672E-02, 0.00000E+00,     0, 4.95199E-02, 6.15526E+00, 0.00000E+00, 3.01867E+00, 4.00190E+00, 3.04390E+00, 1.86930E+00,0.0,0.0,0.0,0.0,0.0,0.0,0.0,0.0,0.0,0.0,0.0,0.0,0.0,0.0,0.0,0.0
     1,  1, 5.53672E-02, 0.00000E+00,     0, 4.95199E-02, 6.15092E+00, 0.00000E+00, 3.03710E+00, 4.00410E+00, 3.09050E+00, 1.73950E+00,0.0,0.0,0.0,0.0,0.0,0.0,0.0,0.0,0.0,0.0,0.0,0.0,0.0,0.0,0.0,0.0
     2,  0, 5.53672E-02, 0.00000E+00,     0, 4.41496E-02, 6.15092E+00, 0.00000E+00, 3.03710E+00, 4.00410E+00, 3.09050E+00, 1.73950E+00,0.0,0.0,0.0,0.0,0.0,0.0,0.0,0.0,0.0,0.0,0.0,0.0,0.0,0.0,0.0,0.0
     2,  2, 5.53672E-02, 0.00000E+00,     0, 4.41496E-02, 6.15092E+00, 0.00000E+00, 3.03710E+00, 4.00410E+00, 3.09050E+00, 1.73950E+00,0.0,0.0,0.0,0.0,0.0,0.0,0.0,0.0,0.0,0.0,0.0,0.0,0.0,0.0,0.0,0.0
     2,  1, 5.53672E-02, 0.00000E+00,     0, 4.41496E-02, 6.15238E+00, 0.00000E+00, 3.05505E+00, 4.00679E+00, 3.14134E+00, 1.61125E+00,0.0,0.0,0.0,0.0,0.0,0.0,0.0,0.0,0.0,0.0,0.0,0.0,0.0,0.0,0.0,0.0
     3,  0, 5.53672E-02, 0.00000E+00,     0, 3.94423E-02, 6.15238E+00, 0.00000E+00, 3.05505E+00, 4.00679E+00, 3.14134E+00, 1.61125E+00,0.0,0.0,0.0,0.0,0.0,0.0,0.0,0.0,0.0,0.0,0.0,0.0,0.0,0.0,0.0,0.0
     3,  2, 5.53672E-02, 0.00000E+00,     0, 3.94423E-02, 6.15238E+00, 0.00000E+00, 3.05505E+00, 4.00679E+00, 3.14134E+00, 1.61125E+00,0.0,0.0,0.0,0.0,0.0,0.0,0.0,0.0,0.0,0.0,0.0,0.0,0.0,0.0,0.0,0.0
     3,  1, 5.53672E-02, 0.00000E+00,     0, 3.94423E-02, 6.16155E+00, 0.00000E+00, 3.07198E+00, 4.01034E+00, 3.19945E+00, 1.48601E+00,0.0,0.0,0.0,0.0,0.0,0.0,0.0,0.0,0.0,0.0,0.0,0.0,0.0,0.0,0.0,0.0
     4,  0, 5.53672E-02, 0.00000E+00,     0, 3.56376E-02, 6.16155E+00, 0.00000E+00, 3.07198E+00, 4.01034E+00, 3.19945E+00, 1.48601E+00,0.0,0.0,0.0,0.0,0.0,0.0,0.0,0.0,0.0,0.0,0.0,0.0,0.0,0.0,0.0,0.0
     4,  2, 5.53672E-02, 0.00000E+00,     0, 3.56376E-02, 6.16155E+00, 0.00000E+00, 3.07198E+00, 4.01034E+00, 3.19945E+00, 1.48601E+00,0.0,0.0,0.0,0.0,0.0,0.0,0.0,0.0,0.0,0.0,0.0,0.0,0.0,0.0,0.0,0.0
     4,  1, 5.53672E-02, 0.00000E+00,     0, 3.56376E-02, 6.18264E+00, 0.00000E+00, 3.08631E+00, 4.01568E+00, 3.27151E+00, 1.36796E+00,0.0,0.0,0.0,0.0,0.0,0.0,0.0,0.0,0.0,0.0,0.0,0.0,0.0,0.0,0.0,0.0
     5,  0, 5.53672E-02, 0.00000E+00,     0, 3.29861E-02, 6.18264E+00, 0.00000E+00, 3.08631E+00, 4.01568E+00, 3.27151E+00, 1.36796E+00,0.0,0.0,0.0,0.0,0.0,0.0,0.0,0.0,0.0,0.0,0.0,0.0,0.0,0.0,0.0,0.0
     5,  2, 5.53672E-02, 0.00000E+00,     0, 3.29861E-02, 6.18264E+00, 0.00000E+00, 3.08631E+00, 4.01568E+00, 3.27151E+00, 1.36796E+00,0.0,0.0,0.0,0.0,0.0,0.0,0.0,0.0,0.0,0.0,0.0,0.0,0.0,0.0,0.0,0.0
     5,  1, 5.53672E-02, 0.00000E+00,     0, 3.29861E-02, 6.22402E+00, 0.00000E+00, 3.09262E+00, 4.02515E+00, 3.37018E+00, 1.27050E+00,0.0,0.0,0.0,0.0,0.0,0.0,0.0,0.0,0.0,0.0,0.0,0.0,0.0,0.0,0.0,0.0
     6,  0, 5.53672E-02, 0.00000E+00,     0, 3.15667E-02, 6.22402E+00, 0.00000E+00, 3.09262E+00, 4.02515E+00, 3.37018E+00, 1.27050E+00,0.0,0.0,0.0,0.0,0.0,0.0,0.0,0.0,0.0,0.0,0.0,0.0,0.0,0.0,0.0,0.0
     6,  2, 5.53672E-02, 0.00000E+00,     0, 3.15667E-02, 6.22402E+00, 0.00000E+00, 3.09262E+00, 4.02515E+00, 3.37018E+00, 1.27050E+00,0.0,0.0,0.0,0.0,0.0,0.0,0.0,0.0,0.0,0.0,0.0,0.0,0.0,0.0,0.0,0.0
     6,  1, 5.53672E-02, 0.00000E+00,     0, 3.15667E-02, 6.28384E+00, 0.00000E+00, 3.07953E+00, 4.04124E+00, 3.49386E+00, 1.21020E+00,0.0,0.0,0.0,0.0,0.0,0.0,0.0,0.0,0.0,0.0,0.0,0.0,0.0,0.0,0.0,0.0
     7,  0, 5.53672E-02, 0.00000E+00,     0, 3.09559E-02, 6.28384E+00, 0.00000E+00, 3.07953E+00, 4.04124E+00, 3.49386E+00, 1.21020E+00,0.0,0.0,0.0,0.0,0.0,0.0,0.0,0.0,0.0,0.0,0.0,0.0,0.0,0.0,0.0,0.0
     7,  2, 5.53672E-02, 0.00000E+00,     0, 3.09559E-02, 6.28384E+00, 0.00000E+00, 3.07953E+00, 4.04124E+00, 3.49386E+00, 1.21020E+00,0.0,0.0,0.0,0.0,0.0,0.0,0.0,0.0,0.0,0.0,0.0,0.0,0.0,0.0,0.0,0.0
     7,  1, 5.53672E-02, 0.00000E+00,     0, 3.09559E-02, 6.34386E+00, 0.00000E+00, 3.04278E+00, 4.06256E+00, 3.62063E+00, 1.17164E+00,0.0,0.0,0.0,0.0,0.0,0.0,0.0,0.0,0.0,0.0,0.0,0.0,0.0,0.0,0.0,0.0
     8,  0, 5.53672E-02, 0.00000E+00,     0, 3.06387E-02, 6.34386E+00, 0.00000E+00, 3.04278E+00, 4.06256E+00, 3.62063E+00, 1.17164E+00,0.0,0.0,0.0,0.0,0.0,0.0,0.0,0.0,0.0,0.0,0.0,0.0,0.0,0.0,0.0,0.0
     8,  2, 5.53672E-02, 0.00000E+00,     0, 3.06387E-02, 6.34386E+00, 0.00000E+00, 3.04278E+00, 4.06256E+00, 3.62063E+00, 1.17164E+00,0.0,0.0,0.0,0.0,0.0,0.0,0.0,0.0,0.0,0.0,0.0,0.0,0.0,0.0,0.0,0.0
     8,  1, 5.53672E-02, 0.00000E+00,     0, 3.06387E-02, 6.39409E+00, 0.00000E+00, 2.98320E+00, 4.08721E+00, 3.73942E+00, 1.13858E+00,0.0,0.0,0.0,0.0,0.0,0.0,0.0,0.0,0.0,0.0,0.0,0.0,0.0,0.0,0.0,0.0
     9,  0, 5.53672E-02, 0.00000E+00,     0, 3.04938E-02, 6.39409E+00, 0.00000E+00, 2.98320E+00, 4.08721E+00, 3.73942E+00, 1.13858E+00,0.0,0.0,0.0,0.0,0.0,0.0,0.0,0.0,0.0,0.0,0.0,0.0,0.0,0.0,0.0,0.0
     9,  2, 5.53672E-02, 0.00000E+00,     0, 3.04938E-02, 6.39409E+00, 0.00000E+00, 2.98320E+00, 4.08721E+00, 3.73942E+00, 1.13858E+00,0.0,0.0,0.0,0.0,0.0,0.0,0.0,0.0,0.0,0.0,0.0,0.0,0.0,0.0,0.0,0.0
     9,  1, 5.53672E-02, 0.00000E+00,     0, 3.04938E-02, 6.42842E+00, 0.00000E+00, 2.90093E+00, 4.11362E+00, 3.84293E+00, 1.10418E+00,0.0,0.0,0.0,0.0,0.0,0.0,0.0,0.0,0.0,0.0,0.0,0.0,0.0,0.0,0.0,0.0
     9,  0, 5.53672E-02, 0.00000E+00,     0, 3.04938E-02, 6.39409E+00, 0.00000E+00, 2.98320E+00, 4.08721E+00, 3.73942E+00, 1.13858E+00,0.0,0.0,0.0,0.0,0.0,0.0,0.0,0.0,0.0,0.0,0.0,0.0,0.0,0.0,0.0,0.0
     9,  1, 5.53672E-02, 0.00000E+00,     0, 3.04938E-02, 6.40638E+00, 0.00000E+00, 2.95147E+00, 4.09709E+00, 3.78259E+00, 1.11196E+00,0.0,0.0,0.0,0.0,0.0,0.0,0.0,0.0,0.0,0.0,0.0,0.0,0.0,0.0,0.0,0.0
     9,  0, 5.53672E-02, 0.00000E+00,     0, 3.04938E-02, 6.39409E+00, 0.00000E+00, 2.98320E+00, 4.08721E+00, 3.73942E+00, 1.13858E+00,0.0,0.0,0.0,0.0,0.0,0.0,0.0,0.0,0.0,0.0,0.0,0.0,0.0,0.0,0.0,0.0
     9,  1, 5.53672E-02, 0.00000E+00,     0, 3.04938E-02, 6.39628E+00, 0.00000E+00, 2.97538E+00, 4.08969E+00, 3.75071E+00, 1.12522E+00,0.0,0.0,0.0,0.0,0.0,0.0,0.0,0.0,0.0,0.0,0.0,0.0,0.0,0.0,0.0,0.0
     9,  0, 5.53672E-02, 0.00000E+00,     0, 3.04938E-02, 6.39409E+00, 0.00000E+00, 2.98320E+00, 4.08721E+00, 3.73942E+00, 1.13858E+00,0.0,0.0,0.0,0.0,0.0,0.0,0.0,0.0,0.0,0.0,0.0,0.0,0.0,0.0,0.0,0.0
     9,  1, 5.53672E-02, 0.00000E+00,     0, 3.04938E-02, 6.39439E+00, 0.00000E+00, 2.98158E+00, 4.08773E+00, 3.74182E+00, 1.13473E+00,0.0,0.0,0.0,0.0,0.0,0.0,0.0,0.0,0.0,0.0,0.0,0.0,0.0,0.0,0.0,0.0
     9,  0, 5.53672E-02, 0.00000E+00,     0, 3.04938E-02, 6.39409E+00, 0.00000E+00, 2.98320E+00, 4.08721E+00, 3.73942E+00, 1.13858E+00,0.0,0.0,0.0,0.0,0.0,0.0,0.0,0.0,0.0,0.0,0.0,0.0,0.0,0.0,0.0,0.0
     9,  1, 5.53672E-02, 0.00000E+00,     0, 3.04938E-02, 6.39414E+00, 0.00000E+00, 2.98284E+00, 4.08732E+00, 3.73996E+00, 1.13765E+00,0.0,0.0,0.0,0.0,0.0,0.0,0.0,0.0,0.0,0.0,0.0,0.0,0.0,0.0,0.0,0.0
     9,  0, 5.53672E-02, 0.00000E+00,     0, 3.04938E-02, 6.39409E+00, 0.00000E+00, 2.98320E+00, 4.08721E+00, 3.73942E+00, 1.13858E+00,0.0,0.0,0.0,0.0,0.0,0.0,0.0,0.0,0.0,0.0,0.0,0.0,0.0,0.0,0.0,0.0
     9,  1, 5.53672E-02, 0.00000E+00,     0, 3.04938E-02, 6.39410E+00, 0.00000E+00, 2.98311E+00, 4.08723E+00, 3.73954E+00, 1.13837E+00,0.0,0.0,0.0,0.0,0.0,0.0,0.0,0.0,0.0,0.0,0.0,0.0,0.0,0.0,0.0,0.0
     9,  0, 5.53672E-02, 0.00000E+00,     0, 3.04938E-02, 6.39409E+00, 0.00000E+00, 2.98320E+00, 4.08721E+00, 3.73942E+00, 1.13858E+00,0.0,0.0,0.0,0.0,0.0,0.0,0.0,0.0,0.0,0.0,0.0,0.0,0.0,0.0,0.0,0.0
     9,  1, 5.53672E-02, 0.00000E+00,     0, 3.04938E-02, 6.39409E+00, 0.00000E+00, 2.98318E+00, 4.08721E+00, 3.73945E+00, 1.13853E+00,0.0,0.0,0.0,0.0,0.0,0.0,0.0,0.0,0.0,0.0,0.0,0.0,0.0,0.0,0.0,0.0
     9,  0, 5.53672E-02, 0.00000E+00,     0, 3.04938E-02, 6.39409E+00, 0.00000E+00, 2.98320E+00, 4.08721E+00, 3.73942E+00, 1.13858E+00,0.0,0.0,0.0,0.0,0.0,0.0,0.0,0.0,0.0,0.0,0.0,0.0,0.0,0.0,0.0,0.0
     9,  1, 5.53672E-02, 0.00000E+00,     0, 3.04938E-02, 6.39409E+00, 0.00000E+00, 2.98319E+00, 4.08721E+00, 3.73943E+00, 1.13857E+00,0.0,0.0,0.0,0.0,0.0,0.0,0.0,0.0,0.0,0.0,0.0,0.0,0.0,0.0,0.0,0.0
     9,  0, 5.53672E-02, 0.00000E+00,     0, 3.04938E-02, 6.39409E+00, 0.00000E+00, 2.98320E+00, 4.08721E+00, 3.73942E+00, 1.13858E+00,0.0,0.0,0.0,0.0,0.0,0.0,0.0,0.0,0.0,0.0,0.0,0.0,0.0,0.0,0.0,0.0
     9,  1, 5.53672E-02, 0.00000E+00,     0, 3.04938E-02, 6.39409E+00, 0.00000E+00, 2.98319E+00, 4.08721E+00, 3.73942E+00, 1.13858E+00,0.0,0.0,0.0,0.0,0.0,0.0,0.0,0.0,0.0,0.0,0.0,0.0,0.0,0.0,0.0,0.0
     9,  0, 5.53672E-02, 0.00000E+00,     0, 3.04938E-02, 6.39409E+00, 0.00000E+00, 2.98320E+00, 4.08721E+00, 3.73942E+00, 1.13858E+00,0.0,0.0,0.0,0.0,0.0,0.0,0.0,0.0,0.0,0.0,0.0,0.0,0.0,0.0,0.0,0.0
     9, -2, 5.53672E-02, 3.04938E-02,     2, 3.04938E-02, 6.39409E+00, 0.00000E+00, 2.98320E+00, 4.08721E+00, 3.73942E+00, 1.13858E+00,0.0,0.0,0.0,0.0,0.0,0.0,0.0,0.0,0.0,0.0,0.0,0.0,0.0,0.0,0.0,0.0
